1,MainUIMidlet,n_MainUIMidlet;f_videoRootController;f_videoModel;m_hook11;m_hook9;m_hook12;m_execute;f_musicRootController;f_musicModel;f_imageRootController;f_imageModel
1,MediaUtil,n_MediaUtil;m_hook61;m_hook62;m_hook63;m_hook65;m_hook66;m_hook64
2,MainUIMidlet,n_MainUIMidlet;f_videoRootController;f_videoModel;m_hook11;m_hook9;m_hook12;f_musicRootController;f_musicModel
3,MediaListController,n_MediaListController;m_exchange;m_bubbleSort;m_hook33;m_hook31;m_hook32
3,MediaController,n_MediaController;m_incrementCountViews;m_hook27
3,AlbumController,n_AlbumController;f_albumName;f_password;f_albumtodelete;m_hook16;m_hook17;m_hook18;f_password
3,MediaAccessor,n_MediaAccessor;f_password_label;m_addPassword;m_getPassword
3,MediaData,n_MediaData;f_numberOfViews;m_increaseNumberOfViews;m_getNumberOfViews;m_setNumberOfViews
3,AlbumData,n_AlbumData;m_addPassword;m_getPassword
3,AlbumListScreen,n_AlbumListScreen;f_addPassword;m_hook45
3,NewLabelScreen,n_NewLabelScreen;m_hook54
3,MediaListScreen,n_MediaListScreen;f_sortCommand;m_hook52
3,PasswordScreen,n_PasswordScreen;f_labelPassword;f_ok;f_cancel;m_getPassword;m_setPassword
3,MediaUtil,n_MediaUtil;m_hook64;m_hook65;m_hook66
4,MediaListController,n_MediaListController;m_exchange;m_bubbleSort;m_hook33
4,MediaController,n_MediaController;m_incrementCountViews;m_hook27
4,PhotoViewController,n_PhotoViewController;f_imageName;m_handleCommand;m_execute;f__this;f_c;f_label;f_copyPhotoToAlbum;f_imageData;f_imgByte;f_alert;f_photoname;f_albumname;f_alert;f_alert;f_newfoto;f_copyPhotoToAlbum;m_hook36;m_hook37;m_hook38;m_hook39
4,MediaAccessor,n_MediaAccessor;m_addMediaData
4,MediaData,n_MediaData;f_numberOfViews;m_increaseNumberOfViews;m_getNumberOfViews;m_setNumberOfViews
4,AlbumData,n_AlbumData;m_addMediaData
4,MediaListScreen,n_MediaListScreen;f_sortCommand;m_hook52
4,MediaUtil,n_MediaUtil;m_hook64;m_hook65;m_hook66
5,MediaListController,n_MediaListController;m_exchange;m_bubbleSort;m_hook33
5,MediaController,n_MediaController;m_incrementCountViews;m_hook27
5,MediaData,n_MediaData;f_numberOfViews;m_increaseNumberOfViews;m_getNumberOfViews;m_setNumberOfViews
5,MediaListScreen,n_MediaListScreen;f_favoriteCommand;f_viewFavoritesCommand;m_hook50;f_sortCommand;m_hook52
5,MediaUtil,n_MediaUtil;m_hook61;m_hook62;m_hook63;m_hook65;m_hook66;m_hook64
6,MainUIMidlet,n_MainUIMidlet;f_musicRootController;f_musicModel;m_hook9
6,MediaListController,n_MediaListController;m_hook29
6,MediaController,n_MediaController;m_playMultiMedia;m_hook23;m_hook24;m_hook25
6,MusicPlayController,n_MusicPlayController;f_pmscreen;m_handleCommand;m_execute;f__this;f_command;f_label;f_copyPhotoToAlbum;f_imageData;f_alert;f_albumname;f_alert;f_alert;m_hook35
6,MediaData,n_MediaData;f_PHOTO;f_MUSIC;f_VIDEO;f_typemedia;m_getTypeMedia;m_setTypeMedia
6,MusicAlbumData,n_MusicAlbumData;m_getMusicFromRecordStore
6,MusicMediaAccessor,n_MusicMediaAccessor;f_converter;m_getMediaArrayOfByte;m_getByteFromMediaInfo;m_getMediaFromBytes;m_resetRecordStore
6,AlbumListScreen,n_AlbumListScreen;f_exitCommand
6,MediaListScreen,n_MediaListScreen;f_playCommand;m_hook51
6,PlayMediaScreen,n_PlayMediaScreen;f_start;f_back;f_stop;f_midiPlayer;f_volControl;f_pitchControl;f_tempoControl;f_form;f_volGauge;f_pitchGauge;f_tempoGauge;m_itemStateChanged;m_startPlay;m_pausePlay;m_paint;m_hook55
6,AddMediaToAlbum,n_AddMediaToAlbum;f_itemtype;m_getItemType;m_hook44
6,MusicMediaUtil,n_MusicMediaUtil;m_getBytesFromMediaInfo;m_getMultiMediaInfoFromBytes
7,MainUIMidlet,n_MainUIMidlet;f_imageRootController;f_imageModel;m_execute
7,MediaListController,n_MediaListController;m_hook30;m_hook31;m_hook32
7,MediaController,n_MediaController;m_showImage;m_execute;f__this;f_name;f_storedImage;f_alert;f_alert;f_canv;f_nextcontroller;f_controller;f_smscontroller;m_hook20;m_hook26
7,AlbumController,n_AlbumController;f_albumName;f_password;f_albumtodelete;m_hook16;m_hook17;m_hook18;f_password
7,MediaAccessor,n_MediaAccessor;f_password_label;m_addPassword;m_getPassword
7,ImageAlbumData,n_ImageAlbumData;m_getImageFromRecordStore
7,ImageMediaAccessor,n_ImageMediaAccessor;f_converter;m_resetRecordStore;m_getMediaArrayOfByte;m_getByteFromMediaInfo;m_getMediaFromBytes;m_loadSingleImageFromRMS
7,AlbumData,n_AlbumData;m_addPassword;m_getPassword
7,AlbumListScreen,n_AlbumListScreen;f_addPassword;m_hook45;f_exitCommand
7,NewLabelScreen,n_NewLabelScreen;m_hook54
7,MediaListScreen,n_MediaListScreen;f_favoriteCommand;f_viewFavoritesCommand;m_hook50;f_viewCommand;m_initMenu
7,PasswordScreen,n_PasswordScreen;f_labelPassword;f_ok;f_cancel;m_getPassword;m_setPassword
7,PhotoViewScreen,n_PhotoViewScreen;f_imageName;f_image;f_model;f_backCommand;m_paint
7,MediaUtil,n_MediaUtil;m_hook61;m_hook62;m_hook63
8,MediaListController,n_MediaListController;m_exchange;m_bubbleSort;m_hook33
8,MediaController,n_MediaController;m_incrementCountViews;m_hook27
8,MediaData,n_MediaData;f_numberOfViews;m_increaseNumberOfViews;m_getNumberOfViews;m_setNumberOfViews
8,MediaListScreen,n_MediaListScreen;f_sortCommand;m_hook52
8,MediaUtil,n_MediaUtil;m_hook64;m_hook65;m_hook66
